<?xml version="1.0" encoding="UTF-8"?>
<project-private xmlns="http://www.netbeans.org/ns/project-private/1">
    <editor-bookmarks xmlns="http://www.netbeans.org/ns/editor-bookmarks/2" lastBookmarkId="0"/>
    <open-files xmlns="http://www.netbeans.org/ns/projectui-open-files/2">
        <group>
            <file>file:/home/heffel/NetBeansProjects/3520OS_code_for_review/B01492_Code/3520OS_07_Code/JMSIntro/src/java/com/ensode/jmsintro/JmsMessageModel.java</file>
            <file>file:/home/heffel/NetBeansProjects/3520OS_code_for_review/B01492_Code/3520OS_07_Code/JMSIntro/web/index.xhtml</file>
        </group>
    </open-files>
</project-private>
